,mean,std,min,max,perc_satif
CrossLinkingMassSpectrometryRestraint_Distance_||10.1|AP2mu2|11|AP2alpha2|26|0|0.01|,12.805335054818137,2.866642763645035,3.76977258216,30.057689428,0.9999913712394783
CrossLinkingMassSpectrometryRestraint_Distance_||100.1|AP2beta2|131|AP2beta2|139|0|0.01|,11.109500444025565,2.5565382782099307e-11,11.109500444,11.109500444,1.0
CrossLinkingMassSpectrometryRestraint_Distance_||101.1|AP2alpha2|35|AP2alpha2|55|0|0.01|,17.97243198703639,3.639052471331896e-11,17.972431987,17.972431987,1.0
CrossLinkingMassSpectrometryRestraint_Distance_||107.1|AP2beta2|11|CD4mut|411|0|0.1|,36.242538525024344,5.767558467028062,7.29133556836,59.9160198021,0.13913876341232964
CrossLinkingMassSpectrometryRestraint_Distance_||11.1|Nef|92|CD4mut|417|0|0.1|,28.387752609034308,1.3430707763958896e-10,28.3877526089,28.3877526089,1.0
CrossLinkingMassSpectrometryRestraint_Distance_||111.1|Nef|94|CD4mut|417|0|0.1|,30.985528273491155,9.115572421110395e-11,30.9855282734,30.9855282734,0.0
CrossLinkingMassSpectrometryRestraint_Distance_||112.1|AP2sigma|13|AP2mu2|59|0|0.1|,22.345855398610254,2.1558192461031913,16.5770266617,39.2116408394,0.9961731447086283
CrossLinkingMassSpectrometryRestraint_Distance_||113.1|AP2alpha2|43|AP2alpha2|55|0|0.1|,10.38055693730692,6.92070117558775e-12,10.3805569373,10.3805569373,1.0
CrossLinkingMassSpectrometryRestraint_Distance_||117.1|AP2beta2|12|AP2beta2|26|0|0.1|,21.100674408447304,7.305018218274358,2.57191735819,52.8542555355,0.8792189245975762
CrossLinkingMassSpectrometryRestraint_Distance_||118.1|AP2mu2|59|CD4mut|417|0|0.1|,71.49761495703564,4.167160891227424,50.5079707972,90.2639003799,0.0
CrossLinkingMassSpectrometryRestraint_Distance_||119.1|AP2mu2|11|AP2mu2|59|0|0.01|,12.824877386316137,1.61364603385624e-11,12.8248773863,12.8248773863,1.0
CrossLinkingMassSpectrometryRestraint_Distance_||120.1|AP2alpha2|35|AP2alpha2|45|0|0.01|,14.87228962513149,6.851067837270748e-11,14.8722896252,14.8722896252,1.0
CrossLinkingMassSpectrometryRestraint_Distance_||124.1|AP2alpha2|556|AP2alpha2|570|0|0.1|,20.916863540187855,1.2146754270705604e-11,20.9168635402,20.9168635402,1.0
CrossLinkingMassSpectrometryRestraint_Distance_||125.1|AP2alpha2|35|AP2alpha2|57|0|0.01|,16.125464508653142,5.314160584416918e-11,16.1254645086,16.1254645086,1.0
CrossLinkingMassSpectrometryRestraint_Distance_||126.1|AP2beta2|5|AP2beta2|117|0|0.1|,53.782221695185974,11.428609091858565,6.94235345943,106.676265703,0.025161465681262214
CrossLinkingMassSpectrometryRestraint_Distance_||127.1|AP2beta2|117|AP2alpha2|378|0|0.01|,28.734424423143018,4.479793054693767,10.3002247326,51.1512989725,0.6086511952990513
CrossLinkingMassSpectrometryRestraint_Distance_||129.1|AP2alpha2|296|AP2alpha2|299|0|0.01|,9.139966527230502,5.02710069992642e-13,9.13996652723,9.13996652723,1.0
CrossLinkingMassSpectrometryRestraint_Distance_||130.1|AP2alpha2|24|AP2alpha2|35|0|0.01|,16.613237053495222,9.522359014850023e-11,16.6132370534,16.6132370534,1.0
CrossLinkingMassSpectrometryRestraint_Distance_||131.1|AP2beta2|27|AP2beta2|36|0|0.01|,15.753653058527322,4.043530952086226,2.998328645,29.0970846568,1.0
CrossLinkingMassSpectrometryRestraint_Distance_||132.1|AP2beta2|12|AP2alpha2|299|0|0.01|,36.79874189458869,5.591576352915522,7.2063329905,60.2089049341,0.11037479021325981
CrossLinkingMassSpectrometryRestraint_Distance_||133.1|AP2beta2|12|CD4mut|411|0|0.1|,34.58682875048923,5.051963342280766,9.54314149458,52.9771492053,0.174137016088324
CrossLinkingMassSpectrometryRestraint_Distance_||135.1|AP2mu2|59|AP2alpha2|24|0|0.01|,21.30195529249551,1.9643235208956977,11.6884851368,35.4846380532,0.9993614717213946
CrossLinkingMassSpectrometryRestraint_Distance_||137.1|Nef|92|CD4mut|411|0|0.1|,24.908019923335107,3.5107992308602746e-11,24.9080199233,24.9080199233,1.0
CrossLinkingMassSpectrometryRestraint_Distance_||139.1|AP2sigma|13|AP2alpha2|26|0|0.1|,13.892285888428065,2.80647222466917e-11,13.8922858884,13.8922858884,1.0
CrossLinkingMassSpectrometryRestraint_Distance_||140.1|AP2mu2|59|AP2alpha2|35|0|0.01|,30.37700811326765,2.306568812391693,22.5603313072,45.4650637024,0.472782732124444
CrossLinkingMassSpectrometryRestraint_Distance_||143.1|AP2alpha2|55|AP2alpha2|57|0|0.1|,5.276049795402868,1.2867956703274554e-11,5.27604979539,5.27604979539,1.0
CrossLinkingMassSpectrometryRestraint_Distance_||144.1|AP2alpha2|35|AP2alpha2|61|0|0.1|,12.016352267802194,2.1938054291198333e-12,12.0163522678,12.0163522678,1.0
CrossLinkingMassSpectrometryRestraint_Distance_||145.1|AP2alpha2|296|CD4mut|417|0|0.1|,25.356508318374427,3.3589295174403277,16.7789614623,49.7761992487,0.9102479474335909
CrossLinkingMassSpectrometryRestraint_Distance_||146.1|AP2alpha2|35|Nef|21|0|0.01|,87.6397976905406,8.628937688567548,37.8733547652,119.327270119,0.0
CrossLinkingMassSpectrometryRestraint_Distance_||147.1|AP2beta2|12|Nef|92|0|0.01|,16.85392623019683,4.270377379837971,3.71082935495,35.3682597197,0.9986495989783547
CrossLinkingMassSpectrometryRestraint_Distance_||148.1|AP2mu2|95|AP2alpha2|26|0|0.01|,15.886905555875076,2.942353223405364,5.70973618588,35.8072695335,0.99949090312922
CrossLinkingMassSpectrometryRestraint_Distance_||150.1|AP2beta2|45|AP2alpha2|24|0|0.5|,30.155864808053867,11.993935023452723,3.45015265253,78.9402494366,0.5258841243749541
CrossLinkingMassSpectrometryRestraint_Distance_||151.1|AP2beta2|282|AP2beta2|318|0|0.01|,10.479972343466255,3.374552367367569e-11,10.4799723435,10.4799723435,1.0
CrossLinkingMassSpectrometryRestraint_Distance_||157.1|AP2alpha2|299|CD4mut|418|0|0.1|,30.160795285282273,2.5893858691557536,19.735892576,49.7164832194,0.4897598184508786
CrossLinkingMassSpectrometryRestraint_Distance_||159.1|AP2alpha2|299|CD4mut|411|0|0.01|,20.978368934753725,3.0571330875731473,10.842065499,40.8434018774,0.9928597006682975
CrossLinkingMassSpectrometryRestraint_Distance_||162.1|AP2alpha2|45|AP2alpha2|57|0|0.1|,15.439586513778483,2.151705681208789e-11,15.4395865138,15.4395865138,1.0
CrossLinkingMassSpectrometryRestraint_Distance_||163.1|AP2mu2|95|AP2alpha2|24|0|0.01|,15.46105826140411,2.7213248142197393,7.2802390889,35.8094759665,0.9997109365225232
CrossLinkingMassSpectrometryRestraint_Distance_||164.1|AP2alpha2|35|CD4mut|417|0|0.1|,74.35898882768151,3.7381777388187674,41.6660639804,94.4081230518,0.0
CrossLinkingMassSpectrometryRestraint_Distance_||165.1|AP2mu2|59|AP2alpha2|31|0|0.01|,24.63376855196696,2.273937560289343,16.5742254661,39.4455494545,0.9797871284779298
CrossLinkingMassSpectrometryRestraint_Distance_||166.1|AP2mu2|95|AP2alpha2|31|0|0.01|,21.660384664015403,3.1867376068037836,11.7478565667,41.3311251216,0.9860559229969411
CrossLinkingMassSpectrometryRestraint_Distance_||17.1|AP2sigma|13|AP2alpha2|24|0|0.1|,16.10313223105521,5.5209289665623016e-11,16.103132231,16.103132231,1.0
CrossLinkingMassSpectrometryRestraint_Distance_||18.1|AP2beta2|117|CD4mut|411|0|0.01|,46.0903493781828,8.297027403465114,16.4288030818,80.0586699763,0.030796046301928958
CrossLinkingMassSpectrometryRestraint_Distance_||22.1|AP2alpha2|378|CD4mut|417|0|0.5|,45.64191750252087,6.093982318504488,20.7735526611,75.6818573625,0.013646384765060422
CrossLinkingMassSpectrometryRestraint_Distance_||23.1|AP2beta2|5|AP2alpha2|35|0|0.01|,60.10333339996758,11.450305447262407,13.618649277,104.29887687,0.006273108899272164
CrossLinkingMassSpectrometryRestraint_Distance_||24.1|AP2beta2|12|AP2alpha2|24|0|0.5|,48.680699144207985,8.226305888711936,15.4768161692,80.1863507975,0.015350564968095158
CrossLinkingMassSpectrometryRestraint_Distance_||25.1|AP2alpha2|43|AP2alpha2|57|0|0.01|,12.537003591996166,3.833386328777814e-12,12.537003592,12.537003592,1.0
CrossLinkingMassSpectrometryRestraint_Distance_||26.1|Nef|94|CD4mut|411|0|0.01|,28.742635371401406,9.859512270272651e-11,28.7426353715,28.7426353715,1.0
CrossLinkingMassSpectrometryRestraint_Distance_||28.1|AP2beta2|318|AP2beta2|383|0|0.01|,14.339305760457702,4.229870030623601e-11,14.3393057605,14.3393057605,1.0
CrossLinkingMassSpectrometryRestraint_Distance_||30.1|AP2beta2|35|AP2alpha2|24|0|0.1|,27.100397776796097,7.437918322724671,4.8501191837,62.4020474869,0.6648287406755456
CrossLinkingMassSpectrometryRestraint_Distance_||31.1|AP2alpha2|570|CD4mut|411|0|0.1|,87.43821201626211,5.283049442948125,61.6167258736,109.001649395,0.0
CrossLinkingMassSpectrometryRestraint_Distance_||33.1|AP2alpha2|45|AP2alpha2|55|0|0.01|,12.377726826648606,4.860655705020729e-11,12.3777268266,12.3777268266,1.0
CrossLinkingMassSpectrometryRestraint_Distance_||34.1|AP2beta2|11|Nef|92|0|0.01|,18.805760981368977,4.955211791354033,4.0290686573,42.0331996995,0.985831575223377
CrossLinkingMassSpectrometryRestraint_Distance_||35.1|AP2beta2|26|AP2beta2|31|0|0.01|,16.003378307815282,4.498498031586034,3.29895480231,33.2525078988,0.9996462208186105
CrossLinkingMassSpectrometryRestraint_Distance_||38.1|Nef|21|Nef|92|0|0.1|,43.37762784778836,7.807348156930803,12.4941640526,65.6614899664,0.06037543737029894
CrossLinkingMassSpectrometryRestraint_Distance_||39.1|AP2mu2|11|AP2alpha2|24|0|0.01|,16.13000466122219,2.3759050512113307,4.20613759614,29.7634929379,1.0
CrossLinkingMassSpectrometryRestraint_Distance_||4.1|AP2beta2|11|AP2alpha2|299|0|0.01|,38.578826145549705,6.453320290723466,5.04739701119,63.5956460983,0.09332867380265161
CrossLinkingMassSpectrometryRestraint_Distance_||40.1|AP2beta2|5|AP2beta2|12|0|0.01|,17.448211198613382,5.969226402440324,2.72277313732,49.4436083465,0.9735269627194402
CrossLinkingMassSpectrometryRestraint_Distance_||43.1|AP2alpha2|35|AP2alpha2|48|0|0.01|,18.867345147175072,7.507255469268211e-11,18.8673451471,18.8673451471,1.0
CrossLinkingMassSpectrometryRestraint_Distance_||44.1|AP2beta2|27|AP2beta2|31|0|0.01|,13.376039510246011,3.5825885398420048,3.03528337969,24.9899306708,1.0
CrossLinkingMassSpectrometryRestraint_Distance_||47.1|AP2mu2|95|AP2alpha2|117|0|0.01|,57.949864098514766,2.7922242365647305,47.8109279071,77.0017038995,0.0
CrossLinkingMassSpectrometryRestraint_Distance_||48.1|AP2alpha2|556|CD4mut|411|0|0.1|,87.70071623242228,5.97993734434293,62.6417176513,114.865292203,0.0
CrossLinkingMassSpectrometryRestraint_Distance_||5.1|AP2beta2|359|AP2alpha2|35|0|0.01|,46.53230215686792,2.968307471673022,30.3435047463,61.9019890655,0.0
CrossLinkingMassSpectrometryRestraint_Distance_||50.1|AP2alpha2|31|AP2alpha2|35|0|0.01|,6.175470345036054,1.3946207630785274e-11,6.17547034505,6.17547034505,1.0
CrossLinkingMassSpectrometryRestraint_Distance_||55.1|AP2beta2|5|AP2alpha2|299|0|0.01|,40.42760901360341,8.055845366667759,4.01202680837,79.5438998356,0.09590867319863838
CrossLinkingMassSpectrometryRestraint_Distance_||56.1|AP2beta2|272|AP2beta2|318|0|0.01|,18.564728500344216,5.5784830523141095e-11,18.5647285004,18.5647285004,1.0
CrossLinkingMassSpectrometryRestraint_Distance_||57.1|AP2alpha2|35|AP2alpha2|117|0|0.01|,37.21052263496231,1.3766096419114454e-10,37.210522635,37.2105226351,0.0
CrossLinkingMassSpectrometryRestraint_Distance_||60.1|AP2alpha2|45|AP2alpha2|56|0|0.1|,15.417721589230394,6.960491654626037e-11,15.4177215893,15.4177215893,1.0
CrossLinkingMassSpectrometryRestraint_Distance_||62.1|AP2beta2|420|AP2alpha2|570|0|0.01|,14.279170145990891,2.6345584657520256,7.94738315434,31.2209411071,0.9999870568592174
CrossLinkingMassSpectrometryRestraint_Distance_||63.1|AP2beta2|5|AP2alpha2|298|0|0.1|,40.389370537784636,8.035497963324792,5.8162367823,80.16296298,0.09370402488534535
CrossLinkingMassSpectrometryRestraint_Distance_||65.1|AP2alpha2|299|CD4mut|417|0|0.01|,28.928279913935388,2.474012841396684,18.8331213513,48.8784244446,0.6972858233779009
CrossLinkingMassSpectrometryRestraint_Distance_||66.1|AP2alpha2|35|Nef|94|0|0.01|,57.22004566186559,3.4999892299391147,38.7660150753,76.8269342539,0.0
CrossLinkingMassSpectrometryRestraint_Distance_||67.1|AP2alpha2|35|CD4mut|411|0|0.01|,67.25120829069517,3.229662985581002,43.2725535796,86.3488277475,0.0
CrossLinkingMassSpectrometryRestraint_Distance_||68.1|AP2mu2|59|CD4mut|411|0|0.01|,62.14298005830077,4.510715880478391,39.8748034575,83.3359153192,0.0
CrossLinkingMassSpectrometryRestraint_Distance_||69.1|AP2beta2|5|AP2beta2|27|0|0.1|,25.002883651925867,9.375340069155174,2.98791488448,78.5144284752,0.7175202668012753
CrossLinkingMassSpectrometryRestraint_Distance_||7.1|AP2alpha2|296|CD4mut|411|0|0.1|,19.23585211070452,4.299339478259502,8.03368324396,42.8590760688,0.9856417424918997
CrossLinkingMassSpectrometryRestraint_Distance_||71.1|CD4mut|412|CD4mut|417|0|0.1|,9.252762101831328,8.672192797540913e-12,9.25276210184,9.25276210184,1.0
CrossLinkingMassSpectrometryRestraint_Distance_||72.1|AP2beta2|12|AP2beta2|27|0|0.1|,22.522142774288458,7.724561162183716,3.26192037679,59.7410819661,0.831010039562867
CrossLinkingMassSpectrometryRestraint_Distance_||73.1|AP2mu2|11|AP2alpha2|31|0|0.01|,20.405732800470854,3.114411999245264,8.89965926439,38.4539232328,0.9961990309901935
CrossLinkingMassSpectrometryRestraint_Distance_||77.1|Nef|94|CD4mut|418|0|0.1|,30.17870840249585,1.0415157888271585e-10,30.1787084026,30.1787084026,0.0
CrossLinkingMassSpectrometryRestraint_Distance_||78.1|AP2alpha2|117|AP2alpha2|153|0|0.01|,12.986386687057491,4.348780359335282e-11,12.986386687,12.9863866871,1.0
CrossLinkingMassSpectrometryRestraint_Distance_||8.1|AP2mu2|59|AP2alpha2|26|0|0.01|,17.912493438205914,2.0674163668221355,10.2558442973,33.4417299833,0.9998748829724354
CrossLinkingMassSpectrometryRestraint_Distance_||80.1|AP2beta2|5|CD4mut|411|0|0.01|,38.65824427879184,7.660626426428589,9.27396711994,77.6243457542,0.1295737823740309
CrossLinkingMassSpectrometryRestraint_Distance_||82.1|AP2alpha2|35|AP2alpha2|43|0|0.01|,12.705383535008382,8.382646008110522e-12,12.705383535,12.705383535,1.0
CrossLinkingMassSpectrometryRestraint_Distance_||83.1|AP2beta2|26|AP2alpha2|55|0|0.1|,47.321706614365624,7.088310506227599,17.0331709999,77.8723883827,0.007373275865788259
CrossLinkingMassSpectrometryRestraint_Distance_||84.1|AP2beta2|383|AP2alpha2|570|0|0.01|,17.52339656317671,2.4856502012722386,11.1556981634,33.9672463338,0.9998791973526963
CrossLinkingMassSpectrometryRestraint_Distance_||85.1|AP2sigma|30|AP2mu2|59|0|0.01|,21.198874128136808,2.1896075717289523,13.9872416522,37.0526631549,0.99847270938766
CrossLinkingMassSpectrometryRestraint_Distance_||89.1|AP2alpha2|378|CD4mut|411|0|0.01|,35.52069619731866,5.745774015941798,13.442568566,67.6147635129,0.16665588071601456
CrossLinkingMassSpectrometryRestraint_Distance_||90.1|AP2beta2|5|Nef|94|0|0.01|,19.116369687878972,6.451371447483098,3.11428558675,63.0152760411,0.9388005159998792
CrossLinkingMassSpectrometryRestraint_Distance_||92.1|AP2beta2|5|Nef|92|0|0.01|,21.493121345886134,6.730265567719227,4.50642765053,65.8297635197,0.8974299236786132
CrossLinkingMassSpectrometryRestraint_Distance_||98.1|AP2alpha2|48|AP2alpha2|57|0|0.01|,14.195921397647531,4.7531858844039273e-11,14.1959213976,14.1959213976,1.0
